SECTOR,EMPLOYER,DEM,REP,STOCKPERCENTCHANGE
Consumer D,VF CORP,0,0,6.56658195425697
Health,INTUITIVE SURGIC,1500.0,17500.0,-4.89659222941275
Technology,CROWN CASTLE INT,0,0,-1.99349488747683
Consumer D,URBAN OUTFITTER,750.0,50000.0,-11.6383119850399
Health,WELLPOINT INC,5550.0,6373.0,-11.0812808083101
Energy,FMC TECHNOLOGIES,8955.0,11713.0,-15.0501683730467
Consumer D,BORGWARNER INC,0,0,-12.6023294121277
Energy,FIRST SOLAR INC,500.0,0,0
Producer,EXPEDITORS INTL,250.0,0,-13.6714185887583
Financial,AMERICAN INTERNA,0,0,-17.6531215944161
Utilities,CENTERPOINT ENER,750.0,5650.0,0.340469527405966
Technology,AKAMAI TECHNOLOG,6950.0,2975.0,-10.141114747533
Technology,BMC SOFTWARE INC,6500.0,4900.0,-3.03368596089114
Health,MERCK & CO,1725.0,1300.0,3.05017359401994
Financial,HUNTINGTON BANC,250.0,1068.0,-2.98535978792881
Financial,ALLSTATE CORP,0,250.0,-13.7600433142896
Financial,MARSH & MCLENNAN,36250.0,0,-5.67766502576693
Producer,FLOWSERVE CORP,0,0,-11.806179292731
Consumer S,KELLOGG CO,500.0,0,-7.65558260869566
Producer,STANLEY BLACK &,0,0,-12.3564989893971
Producer,PENTAIR LTD-REG,0,0,-39.3117007634148
Financial,FIRST HORIZON NA,0,0,0
Financial,FRANKLIN RES INC,0,0,-5.23157741767127
Health,AMGEN INC,6662.0,3750.0,0.740688488562264
Energy,NEWFIELD EXPLORA,0,0,-13.6717443104893
Financial,EQUITY RESIDENTI,19450.0,4000.0,5.97478764845605
Energy,EOG RESOURCES,200.0,55700.0,-6.68740763247669
Technology,JUNIPER NETWORKS,25506.0,8651.0,-20.3853000886019
Technology,CORNING INC,25925.0,2750.0,-8.48344878253569
Producer,STERICYCLE INC,500.0,4300.0,-1.56529708662884
Consumer S,JM SMUCKER CO,0,0,-4.0394812886764
Financial,FIFTH THIRD BANC,3450.0,5675.0,-8.95287197482832
Consumer D,CARNIVAL CORP,0,0,-8.68135265757097
Consumer D,COMCAST CORP-A,20000.0,500.0,-5.23315069408532
Utilities,CENTURYLINK INC,1450.0,0,-7.94653584271162
Financial,ACE LTD,11000.0,1550.0,-14.6881017796456
Health,ST JUDE MEDICAL,6163.0,7421.0,-8.70547688890177
Technology,GOOGLE INC-CL A,0,0,-9.57640670806692
Technology,TERADATA CORP,750.0,1000.0,-4.98343370247657
Consumer D,RALPH LAUREN COR,0,0,-3.48520178602698
Materials,ALCOA INC,1750.0,450.0,47.2222138888889
Consumer S,MOLSON COORS-B,250.0,2500.0,-8.3094527030534
Energy,PHILLIPS 66,2813.0,17650.0,0
Utilities,NISOURCE INC,0,853.0,-9.81978659768393
Health,THERMO FISHER,700.0,2750.0,-11.455368152113
Financial,CAPITAL ONE FINA,0,0,17.7631271272699
Health,VARIAN MEDICAL S,250.0,0,0.662846652738303
Financial,LEGG MASON INC,10500.0,0,-3.53210606449772
Utilities,PG&E CORP,0,0,-3.42722665833494
Financial,CME GROUP INC,0,250.0,-5.87515113677675
Financial,AFLAC INC,0,2750.0,-4.86242848310532
Health,TENET HEALTHCARE,3250.0,5000.0,-30.4856344626809
Consumer D,TARGET CORP,750.0,1450.0,2.4517062202413
Consumer S,COLGATE-PALMOLIV,3781.0,250.0,-5.16602221627803
Health,BOSTON SCIENTIFC,7490.0,4750.0,0
Producer,HONEYWELL INTL,250.0,3103.0,-7.91107241186131
Producer,DANAHER CORP,500.0,1250.0,-11.838660468568
Financial,INVESCO LTD,0,25250.0,-20.0110252924579
Technology,MOTOROLA SOLUTIO,2250.0,4913.0,9.85413058936272
Energy,DENBURY RESOURCE,0,350.0,-20.6349174645166
Technology,RED HAT INC,31800.0,4000.0,-15.6241339658658
Consumer D,STAPLES INC,1725.0,51750.0,-43.9151844160145
Materials,PRAXAIR INC,1000.0,5300.0,-1.9156667395232
Consumer D,WHIRLPOOL CORP,250.0,2750.0,-19.4073190364733
Consumer D,O'REILLY AUTOMOT,0,0,-5.37530376047545
Financial,VISA INC-CLASS A,0,0,-10.0908164659152
Consumer D,PETSMART INC,250.0,500.0,12.9250244242903
Materials,NEWMONT MINING,750.0,500.0,11.5076739429583
Consumer D,TIME WARNER INC,14528.0,0,-11.7334947482096
Health,GILEAD SCIENCES,11750.0,3750.0,-17.0468995353892
Consumer S,KRAFT FOODS GROU,0,650.0,0
Consumer D,MACY'S INC,5750.0,550.0,2.37915696911441
Financial,LEUCADIA NATL,0,0,-14.0316150395251
Energy,WPX ENERGY,0,8400.0,0
Producer,UNITED TECH CORP,0,0,-16.3546723130553
Materials,FMC CORP,0,0,-14.2902857694885
Health,HOSPIRA INC,0,1065.0,-9.20405463046269
Financial,APARTMENT INVEST,0,0,0
Consumer D,STARBUCKS CORP,0,0,-5.31873958472802
Consumer D,EXPEDIA INC,8000.0,0,-12.4423886662793
Health,AETNA INC,4100.0,22700.0,-18.9398407809439
Producer,ADT CORP/THE,0,0,-100
Financial,CHUBB CORP,500.0,0,-29.8533707677312
Energy,MARATHON PETROLE,1485.0,13845.0,-5.63887169791867
Utilities,CONS EDISON INC,0,0,-2.95006768704869
Consumer D,WYNDHAM WORLDWID,4500.0,1000.0,-8.68481838825073
Energy,EXXON MOBIL CORP,6125.0,58750.0,-1.69195106097013
Technology,TERADYNE INC,250.0,701.0,-46.1111032421869
Technology,INTUIT INC,10575.0,32901.0,-1.43969141381854
Technology,IBM,217541.0,95276.0,-2.4996759991344
Financial,SUNTRUST BANKS,7835.0,12512.0,6.67121783037268
Utilities,SOUTHERN CO,220.0,1000.0,2.65343609318353
Consumer D,AUTOZONE INC,0,0,5.70703875502686
Consumer S,PHILIP MORRIS IN,0,0,-2.0197458428578
Technology,COGNIZANT TECH-A,0,0,-15.2443658706305
Financial,GENWORTH FINANCI,6350.0,8500.0,-39.247311827957
Technology,APPLIED MATERIAL,8951.0,4652.0,-30.713743206933
Health,ALEXION PHARM,0,0,-10.115461916692
Producer,EATON CORP PLC,0,0,-13.8560528092786
Other,ENSCO PLC-CL A,0,0,-10.3153742946341
Consumer S,KIMBERLY-CLARK,1520.0,4500.0,-6.07794380581077
Financial,SIMON PROPERTY,0,0,-3.87108743037244
Consumer D,APOLLO GROUP-A,2410.0,700.0,-1.11345969098665
Consumer D,JOHNSON CONTROLS,1800.0,2701.0,-19.6121928697847
Consumer S,BROWN-FORMAN -B,0,0,1.27077541525038
Consumer D,KOHLS CORP,500.0,0,21.1242098547501
Consumer D,BIG LOTS INC,625.0,0,-14.2436408163265
Consumer D,HARLEY-DAVIDSON,1300.0,5000.0,-11.2096031002634
Consumer S,LORILLARD INC,0,10250.0,-4.02696255198756
Consumer S,CAMPBELL SOUP CO,0,0,-1.32312721329337
Energy,ROWAN COMPANIE-A,0,500.0,-8.17430311741073
Financial,PEOPLE'S UNITED,0,0,-2.26997002398081
Financial,SLM CORP,700.0,0,-0.20145830214265
Financial,HARTFORD FINL SV,0,0,-17.5723782316111
Consumer D,GENUINE PARTS CO,0,0,-8.8192620454175
Technology,SALESFORCE.COM,161288.0,11056.0,0
Utilities,PINNACLE WEST,0,2500.0,-5.83940975107601
Materials,VULCAN MATERIALS,0,0,0
Utilities,VERIZON COMMUNIC,0,0,-8.75215134784136
Health,FOREST LABS INC,2500.0,0,-66.2150784851426
Technology,F5 NETWORKS,5752.0,1750.0,-15.4145612794791
Producer,WW GRAINGER INC,250.0,6000.0,-7.04954556877515
Other,COOPER INDUSTRIE,0,450.0,Not available
Health,CAREFUSION CORP,0,0,-14.1717191532046
Materials,AIR PRODS & CHEM,0,0,-8.32244980701
Producer,RAYTHEON CO,1150.0,250.0,2.99784655954377
Producer,FLUOR CORP,0,1800.0,-19.1402148796
Consumer D,FORD MOTOR CO,2550.0,6902.0,-7.81027956989248
Financial,REGIONS FINANCIA,750.0,500.0,32.9341092092482
Consumer D,HARMAN INTL,0,0,-17.9266405629785
Producer,FLIR SYSTEMS,0,250.0,-17.9085521825424
Financial,BANK NY MELLON,250.0,0,-9.89814069171893
Utilities,DOMINION RES/VA,0,0,-4.50086699210813
Technology,WESTERN DIGITAL,2200.0,4500.0,-24.7698668638937
Technology,NETAPP INC,5454.0,2500.0,-31.1530999129644
Financial,BERKSHIRE HATH-B,0,0,-12.7321215128211
Producer,INGERSOLL-RAND,1000.0,7220.0,-10.5423965878086
Health,LABORATORY CP,0,0,-6.14568322747297
Materials,ALLEGHENY TECH,0,0,-24.8942925486861
Technology,TEXAS INSTRUMENT,8880.0,8673.0,-15.0466687792289
Materials,MONSANTO CO,2050.0,800.0,-6.00369031221854
Utilities,WINDSTREAM CORP,0,0,-14.5578228571429
Financial,TOTAL SYS SERVS,0,0,-3.17010432326768
Producer,GENERAL DYNAMICS,28856.0,87202.0,-8.03470546665667
Technology,ORACLE CORP,30115.0,4250.0,-11.2045815263683
Consumer D,MCDONALDS CORP,4250.0,6250.0,-8.621271106013
Financial,VENTAS INC,0,51500.0,-4.36987476246477
Utilities,AT&T INC,250.0,23723.0,-3.61657238400556
Utilities,WISCONSIN ENERGY,500.0,2500.0,-9.54566412915883
Health,BAXTER INTL INC,0,0,-2.76063087289434
Technology,COMPUTER SCIENCE,0,0,-16.1592519186745
Utilities,PUB SERV ENTERP,0,0,-3.88194128347458
Technology,KLA-TENCOR CORP,5650.0,0,-17.2171417682927
Consumer D,GANNETT CO,250.0,0,-14.9193493925188
Producer,ROBERT HALF INTL,500.0,0,-16.4310753936576
Materials,OWENS-ILLINOIS,0,0,-23.7771574115812
Utilities,CMS ENERGY CORP,0,0,-10.3755387749257
Health,UNITEDHEALTH GRP,57113.0,49767.0,-2.15159289940828
Consumer S,GENERAL MILLS IN,20300.0,5000.0,-1.71622723144628
Consumer S,MEAD JOHNSON,0,500.0,-5.63080731094379
Utilities,DUKE ENERGY CORP,250.0,0,-9.61430540541798
Consumer D,NEWELL RUBBERMAI,1000.0,2500.0,-7.79578761568177
Health,HUMANA INC,10620.0,12150.0,-6.88785724211848
Technology,LINEAR TECH CORP,0,0,-13.2093987914447
Utilities,EDISON INTL,5000.0,0,-6.74414262507379
Energy,CHEVRON CORP,6700.0,6201.0,-4.56713861150155
Financial,INTERCONTINENTAL,0,7500.0,-6.60845945903317
Utilities,SPRINT NEXTEL CO,0,0,0
Health,DAVITA HEALTHCAR,0,0,-3.34132890416939
Materials,INTL FLVR & FRAG,0,0,-11.1890011781986
Producer,AVERY DENNISON,1382.0,3000.0,-15.6827079212334
Materials,MASCO CORP,0,0,-12.1832767781106
Other,SEAGATE TECHNOLO,4350.0,90512.0,-12.5730357793256
Consumer D,DOLLAR TREE INC,0,200.0,0.0180013973201513
Materials,FASTENAL CO,0,0,-14.0345978826808
Consumer S,TYSON FOODS-A,750.0,7500.0,0
Consumer D,GAMESTOP CORP-A,0,0,-5.22478328261912
Financial,DUN & BRADSTREET,250.0,0,-0.640799012927109
Consumer D,ABERCROMBIE & FI,1220.0,250.0,-25.5960151972878
Consumer D,J.C. PENNEY CO,0,0,0
Technology,QUALCOMM INC,35350.0,951.0,-5.78563616792993
Consumer S,MONSTER BEVERAGE,0,0,-5.61739438653207
Technology,SAIC INC,0,0,-10.3889415648589
Consumer D,NEWS CORP-A,0,0,-12.3779124143462
Energy,DEVON ENERGY CO,250.0,750.0,-4.49845235146039
Financial,TRAVELERS COS IN,0,0,-23.3721972020564
Materials,NUCOR CORP,0,4500.0,-12.7218375690511
Financial,COMERICA INC,0,0,-15.7272710004409
Producer,PALL CORP,0,0,-10.6558982668568
Producer,UNITED PARCEL-B,0,0,-7.89670738606417
Consumer S,DR PEPPER SNAPPL,0,0,-3.75774063819924
Consumer D,ROSS STORES INC,500.0,450.0,-2.68806750862714
Consumer S,CONAGRA FOODS,1531.0,4954.0,-10.8819194556275
Producer,XEROX CORP,2866.0,550.0,-14.4610348344724
Consumer S,SAFEWAY INC,1750.0,28500.0,-15.4125689144697
Health,PATTERSON COS,0,0,-6.11594641151374
Consumer D,HASBRO INC,250.0,250.0,-1.16867271228359
Consumer D,STARWOOD HOTELS,1722.0,0,-16.0012926620228
Technology,HARRIS CORP,3100.0,1437.0,4.86638855291653
Financial,ASSURANT INC,7950.0,201.0,-5.92307301063116
Utilities,ENTERGY CORP,800.0,250.0,0.647757715609299
Consumer D,BEST BUY CO INC,0,0,-14.7238350744338
Consumer S,CONSTELLATION-A,998.0,0,15.8361267461508
Consumer D,TIME WARNER CABL,20800.0,3801.0,-2.62590984341171
Financial,FISERV INC,0,2950.0,-8.51875392219113
Technology,SYMANTEC CORP,750.0,701.0,-17.0070154740458
Financial,CINCINNATI FIN,0,0,-10.2298834497291
Technology,MICROCHIP TECH,0,0,-11.4914449780716
Health,QUEST DIAGNOSTIC,21935.0,15000.0,-4.81315555192339
Consumer D,MATTEL INC,4300.0,0,-2.93320985830375
Consumer S,BEAM INC,750.0,1000.0,-6.06753174924987
Consumer D,FAMILY DOLLAR ST,0,0,18.6348857470012
Producer,REPUBLIC SVCS,0,0,-15.4619768750684
Producer,CINTAS CORP,0,0,-0.466625983366623
Consumer D,INTL GAME TECH,0,0,4.60419701385383
Producer,ILLINOIS TOOL WO,0,250.0,27.0960859232855
Consumer D,WALT DISNEY CO,4000.0,360.0,-5.49095845917156
Technology,JABIL CIRCUIT,0,970.0,-9.21806220045871
Producer,AGILENT TECH INC,0,0,-21.6485376322
Energy,MARATHON OIL,500.0,2461.0,-12.4232709142194
Producer,SOUTHWEST AIR,0,0,-19.7684710390446
Materials,US STEEL CORP,0,0,198.406723123596
Producer,GENERAL ELECTRIC,39794.0,48956.0,-2.7482097161867
Financial,WELLS FARGO & CO,1500.0,2700.0,-1.6788557413649
Health,ELI LILLY & CO,1325.0,600.0,-11.6283759272463
Energy,MURPHY OIL CORP,0,0,25.0987769485904
Consumer D,CHIPOTLE MEXICAN,0,0,-12.7434406953101
Energy,PEABODY ENERGY,0,24500.0,-73.6576510502124
Technology,YAHOO! INC,7793.0,2401.0,-6.39354666846351
Producer,3M CO,500.0,1000.0,-11.1534159604459
Health,COVIDIEN PLC,0,0,-15.0975689577715
Utilities,DTE ENERGY CO,0,0,-7.05017578718113
Financial,LOEWS CORP,0,0,-6.53357923689301
Producer,BOEING CO/THE,0,0,-6.90423968226407
Producer,NORTHROP GRUMMAN,68548.0,65681.0,5.37693846318959
Consumer D,ESTEE LAUDER,83150.0,4962.0,-6.63265224808676
Utilities,INTEGRYS ENERGY,0,0,-5.69780325350213
Producer,LOCKHEED MARTIN,55785.0,108525.0,1.5564758569713
Consumer D,OMNICOM GROUP,0,0,-11.534932686271
Technology,NVIDIA CORP,500.0,4000.0,5.76136767900726
Utilities,FRONTIER COMMUNI,0,0,2.18430588156746
Financial,CBRE GROUP INC-A,0,500.0,-19.8445382993491
Consumer D,VIACOM INC-B,0,0,-17.16122463506
Financial,BLACKROCK INC,14750.0,3500.0,-14.3552449474274
Producer,NORFOLK SOUTHERN,450.0,4250.0,-15.2423590533184
Financial,HCP INC,0,300.0,-5.05461422608468
Utilities,XCEL ENERGY INC,200.0,0,-3.74866449527575
Technology,SANDISK CORP,5250.0,0,-25.5294929717525
Technology,CISCO SYSTEMS,69045.0,34886.0,-14.6962790870576
Energy,HELMERICH & PAYN,0,2500.0,-21.6367918797896
Financial,PUBLIC STORAGE,2500.0,1750.0,-2.289136838306
Financial,WEYERHAEUSER CO,0,750.0,13.6235768434509
Technology,CITRIX SYSTEMS,250.0,500.0,-15.1453202119498
Producer,CATERPILLAR INC,6885.0,13697.0,-21.7108478903687
Consumer D,AUTONATION INC,200.0,10000.0,-5.97513573069428
Other,FEDERATED INV-B,0,0,Not available
Materials,LYONDELLBASELL-A,0,12400.0,1.81512583641584
Financial,PROLOGIS INC,0,0,-15.6373445469093
Consumer D,CABLEVISION SY-A,0,0,4.975470722069
Financial,CITIGROUP INC,250.0,5300.0,-13.5898766660711
Consumer D,INTERPUBLIC GRP,2712.0,0,-18.2857147526531
Health,PFIZER INC,33162.0,9347.0,-13.6941859001195
Consumer D,NORDSTROM INC,500.0,1000.0,7.82102446152086
Health,CR BARD INC,0,0,-3.17442803171619
Energy,CABOT OIL & GAS,0,0,-9.49604970343468
Consumer D,YUM! BRANDS INC,0,46250.0,9.02472037479179
Materials,EASTMAN CHEMICAL,500.0,19350.0,-35.8055120716488
Financial,FIDELITY NATIONA,0,11250.0,-8.25810318633391
Energy,NATL OILWELL VAR,0,0,1.8469250661142
Health,CELGENE CORP,0,0,-27.7287983840837
Health,PERRIGO CO,0,0,2.91584821428571
Utilities,PEPCO HOLDINGS,0,0,-1.59383140999599
Financial,PLUM CREEK TIMBR,0,0,-1.43182981074028
Financial,DISCOVER FINANCI,200.0,0,7.53241086437555
Health,COVENTRY HEALTH,0,0,-5.74537576625963
Consumer S,PEPSICO INC,8000.0,2200.0,-5.06398385842275
Energy,APACHE CORP,0,3300.0,-6.40815542888701
Consumer D,CARMAX INC,0,0,-10.6668178309913
Health,BECTON DICKINSON,250.0,450.0,-11.2977109375373
Health,MYLAN INC,0,0,-10.6265137932749
Financial,AMERICAN EXPRESS,37987.0,6732.0,-6.17803776450034
Materials,SEALED AIR CORP,250.0,1200.0,-100
Financial,AMERICAN TOWER C,0,0,0
Producer,FEDEX CORP,400.0,25200.0,-11.8980969004441
Utilities,FIRSTENERGY CORP,4200.0,500.0,-2.41791296940822
Utilities,AES CORP,0,1350.0,0
Consumer D,AMAZON.COM INC,1250.0,0,-40.5184141044353
Technology,APPLE INC,133695.0,36905.0,22.8437376138264
Utilities,AGL RESOURCES,0,2700.0,-8.39640815215523
Technology,ELECTRONIC ARTS,41927.0,3300.0,175.275411980741
Consumer D,COSTCO WHOLESALE,22210.0,1201.0,-1.307038807155
Energy,RANGE RESOURCES,0,1000.0,-2.24287694799779
Materials,MOSAIC CO/THE,0,0,-14.5477974852489
Financial,LINCOLN NATL CRP,0,0,-19.3559331163803
Consumer D,BED BATH &BEYOND,1325.0,401.0,-0.375583889055389
Other,RR DONNELLEY & S,0,0,Not available
Utilities,TECO ENERGY INC,1050.0,1250.0,-1.63197109188239
Financial,UNUM GROUP,500.0,500.0,-14.2429363286743
Consumer D,COACH INC,1512.0,1000.0,15.7918466138294
Financial,MOODY'S CORP,750.0,0,-16.4046975609756
Consumer D,SNAP-ON INC,0,0,-5.57992694824881
Energy,PIONEER NATURAL,0,0,-11.9746468880074
Health,MCKESSON CORP,1450.0,1025.0,-8.37928049279774
Consumer S,DEAN FOODS CO,0,0,1.30425449107754
Utilities,PPL CORPORATION,2750.0,500.0,-8.20674894217452
Consumer S,MCCORMICK-N/V,0,0,-0.181661346107019
Energy,QEP RESOURCES IN,1000.0,3000.0,-4.66599507439398
Consumer S,COCA-COLA ENTER,0,0,-14.0231766078278
Consumer D,DARDEN RESTAURAN,1885.0,11000.0,9.51967819547226
Materials,FREEPORT-MCMORAN,5265.0,500.0,10.6595959646303
Technology,LSI CORP,750.0,3250.0,-0.241712724026422
Consumer D,LIMITED BRANDS,6300.0,5451.0,-3.40611197759754
Consumer D,GAP INC/THE,0,0,20.7645315776366
Producer,PACCAR INC,1750.0,5500.0,-13.5505575187607
Utilities,NEXTERA ENERGY,20450.0,2826.0,-3.95240000214029
Other,NOBLE CORP,0,0,-12.2648433670894
Consumer S,HERSHEY CO/THE,0,0,-12.0756211744512
Financial,AMERIPRISE FINAN,0,0,-8.16969835769936
Consumer S,CLOROX CO,0,0,-7.64275464355214
Financial,VORNADO RLTY TST,0,0,-7.61124026018899
Health,LIFE TECHNOLOGIE,8108.0,1628.0,-26.5601973242475
Health,EXPRESS SCRIPTS,4100.0,5516.0,0.255429885057468
Energy,NABORS INDS LTD,0,0,-20.0593436450439
Health,DENTSPLY INTL,250.0,0,-9.04167843289303
Technology,AUTODESK INC,5650.0,500.0,-26.0610153541667
Materials,SHERWIN-WILLIAMS,1000.0,4651.0,-9.24767329660409
Consumer D,CBS CORP-B,0,0,-19.8302287645263
Producer,PITNEY BOWES INC,10150.0,0,-25.3557799363664
Financial,EQUIFAX INC,250.0,22450.0,-15.7051222957539
Financial,HOST HOTELS & RE,0,0,0
Technology,BROADCOM CORP-A,5650.0,4000.0,-7.74847529279348
Energy,NOBLE ENERGY INC,700.0,6500.0,-12.9956993446728
Other,TITANIUM METALS,0,0,Not available
Consumer S,COCA-COLA CO/THE,0,0,-2.18433749696644
Energy,CONSOL ENERGY,0,66346.0,-15.7548618921872
Financial,NASDAQ OMX GROUP,3000.0,0,-16.600752147412
Consumer D,LENNAR CORP-A,0,0,30.8649508703782
Consumer D,DISCOVERY COMM-A,0,0,-19.2291226764799
Consumer S,ARCHER-DANIELS,0,0,-9.31286954216878
Producer,AUTOMATIC DATA,0,0,-7.07337163050193
Materials,CF INDUSTRIES HO,0,0,-12.1629800752804
Materials,BEMIS CO,0,0,-9.50566640097764
Consumer D,TIFFANY & CO,44450.0,750.0,-8.76935521146291
Financial,PROGRESSIVE CORP,0,0,-6.6261372463184
Producer,WASTE MANAGEMENT,15500.0,9401.0,-12.0661100383852
Financial,US BANCORP,0,34500.0,0.841030274976062
Consumer D,AVON PRODUCTS,1400.0,0,-13.5860045930521
Producer,ROCKWELL AUTOMAT,6866.0,14750.0,-15.7626403487758
Energy,SPECTRA ENERG,281.0,12400.0,-1.62831747313027
Materials,PRECISION CASTPT,0,0,-4.22890497283182
Technology,CA INC,500.0,3005.0,-10.1088584896877
Health,CERNER CORP,11500.0,0,-5.36139217755831
Energy,VALERO ENERGY,0,500.0,-3.175343816301
Financial,ZIONS BANCORP,250.0,0,-21.9512095267701
Energy,CAMERON INTERNAT,0,0,-15.9582567210128
Consumer D,DR HORTON INC,0,0,33.7146589263966
Producer,PAYCHEX INC,250.0,0,0.668301834727541
Consumer D,WYNN RESORTS LTD,0,0,-18.1929885023342
Financial,MORGAN STANLEY,174027.0,624049.0,18.1288755487789
Materials,CLIFFS NATURAL R,0,0,-3.38074680915604
Producer,IRON MOUNTAIN,15500.0,1000.0,-0.724429273197227
Consumer D,LEGGETT & PLATT,0,0,-8.00497147813498
Technology,DELL INC,13550.0,14875.0,-39.6797617975588
Energy,BAKER HUGHES INC,700.0,8750.0,-22.8041951142967
Consumer S,WHOLE FOODS MKT,9825.0,15951.0,-0.301392444868103
Health,ABBOTT LABS,19276.0,3250.0,92.7175019446472
Consumer D,WAL-MART STORES,0,250.0,6.15463743930616
Utilities,NRG ENERGY,1500.0,250.0,-13.5550840323126
Technology,ALTERA CORP,300.0,203.0,-15.3181036086402
Technology,XILINX INC,4125.0,250.0,-15.7242064741487
Consumer D,TRIPADVISOR INC,0,0,-26.565873055619
Energy,DIAMOND OFFSHORE,500.0,0,-11.1548100486857
Materials,SIGMA-ALDRICH,200.0,500.0,-9.64890246962095
Consumer D,DIRECTV,2452.0,5538.0,-4.34866416191608
Consumer D,H&R BLOCK INC,0,0,-20.7118951184616
Technology,MICROSOFT CORP,51703.0,29413.0,3.31032846826388
Producer,RYDER SYSTEM INC,2250.0,55975.0,-16.1059021396229
Technology,EMC CORP/MA,0,0,-0.457463643931015
Producer,WATERS CORP,454.0,3000.0,-9.38797412138313
Energy,TESORO CORP,0,0,-23.0504260628867
Energy,SCHLUMBERGER LTD,0,500.0,-12.6330660197348
Health,JOHNSON&JOHNSON,57469.0,13225.0,-4.04998844773519
Energy,HESS CORP,250.0,2262.0,-19.5891820328093
Materials,AIRGAS INC,1281.0,750.0,-6.09754576350118
Technology,VERISIGN INC,1000.0,450.0,10.0790560216509
Financial,M&T BANK CORP,0,0,12.9574386484609
Producer,QUANTA SERVICES,500.0,1250.0,-7.01326199254039
Producer,JACOBS ENGIN GRP,0,0,-14.4192971209253
Consumer S,CVS CAREMARK COR,1000.0,0,-9.48042621513764
Consumer S,KROGER CO,0,2000.0,-7.13284035243359
Utilities,AMERICAN ELECTRI,0,0,-7.00707547403628
Producer,DEERE & CO,412.0,1000.0,-9.57599976042768
Utilities,METROPCS COMMUNI,0,0,-1.9940113056638
Consumer D,LOWE'S COS INC,0,0,-12.54508943709
Producer,L-3 COMM HLDGS,0,0,-3.9454998002038
Producer,ACCENTURE PLC-A,0,36300.0,-7.36429222947136
Utilities,NORTHEAST UTILS,0,0,-6.82370402867697
Financial,BOSTON PROPERTIE,1295.0,3202.0,-12.4920632538988
Consumer S,HJ HEINZ CO,0,0,-2.76327925327129
Materials,ECOLAB INC,250.0,454.0,-4.58913835364242
Other,Short Name,0,0,Not available
Consumer D,TJX COS INC,0,0,-5.8420739844317
Consumer D,HOME DEPOT INC,0,3000.0,-3.21780187942394
Consumer D,WASHINGTON POS-B,0,450.0,-12.9440860802556
Utilities,SEMPRA ENERGY,12298.0,5701.0,-11.5278077759597
Energy,ANADARKO PETROLE,1000.0,2351.0,-13.2668032769873
Materials,MEADWESTVACO COR,0,5400.0,-15.1858320106153
Producer,ROPER INDS,0,0,-3.57300027059837
Financial,SCHWAB (CHARLES),0,0,-17.9925377051103
Consumer S,ALTRIA GROUP INC,300.0,1000.0,-6.06184225848029
Technology,ANALOG DEVICES,12805.0,2000.0,-10.2855053296158
Consumer D,NIKE INC -CL B,0,0,-9.82292853134684
Producer,PARKER HANNIFIN,2950.0,3836.0,-21.775311648845
Financial,BANK OF AMERICA,104681.0,290391.0,18.878352667344
Financial,NYSE EURONEXT,5631.0,5000.0,-32.6530571592822
Health,BRISTOL-MYER SQB,0,0,-15.5998455440856
Producer,TYCO INTL LTD,0,0,-33.9938488553704
Materials,INTL PAPER CO,0,0,-17.7716994892188
Producer,CH ROBINSON,10000.0,1500.0,-6.98161216597667
Financial,TORCHMARK CORP,0,500.0,-11.0674737097706
Consumer D,NETFLIX INC,2500.0,0,-84.6411045716758
Health,AMERISOURCEBERGE,1386.0,1902.0,-10.256561707639
Technology,AMPHENOL CORP-A,0,0,-5.6159315718248
Financial,PRUDENTL FINL,0,0,-5.86336369816452
Consumer D,PULTEGROUP INC,0,1000.0,28.2374764491893
Producer,CUMMINS INC,9818.0,2102.0,-15.6781788507973
Health,CIGNA CORP,1000.0,0,-10.0543532877296
Other,TE CONNECTIVITY,1000.0,5150.0,-9.71854866370496
Financial,HEALTH CARE REIT,0,0,-5.1088974940911
Energy,OCCIDENTAL PETE,0,0,-13.9728144436752
Financial,JPMORGAN CHASE,208706.0,321962.0,-4.60601996592752
Health,MEDTRONIC INC,11445.0,5000.0,-10.4801762850911
Health,ALLERGAN INC,0,0,-15.0959268298922
Financial,XL GROUP PLC,0,0,-14.7488437381277
Technology,ADOBE SYS INC,0,0,-14.7806523453113
Producer,ROCKWELL COLLINS,6440.0,9103.0,-6.61568505746491
Energy,HALLIBURTON CO,0,0,-31.2841197037916
Technology,JDS UNIPHASE,250.0,0,0
Energy,KINDER MORGAN IN,0,17450.0,6.32980611538974
Consumer D,EBAY INC,12250.0,3150.0,-19.5464916875528
Health,EDWARDS LIFE,0,0,-4.62477807488182
Financial,HUDSON CITY BNCP,0,0,-10.23425451397
Consumer D,FOSSIL INC,0,0,-19.2823751118553
Health,ACTAVIS INC,0,0,-1.01274607972369
Technology,ADV MICRO DEVICE,0,0,0
Utilities,ONEOK INC,250.0,3500.0,-4.39560357142857
Consumer D,GOODYEAR TIRE,0,0,-14.5863434160793
Financial,KIMCO REALTY,0,0,-8.02849938483752
Financial,NORTHERN TRUST,30000.0,550.0,-9.3672110586914
Financial,BB&T CORP,0,0,-5.60233897590162
Technology,MICRON TECH,0,250.0,0
Producer,DOVER CORP,0,0,-14.0983331377794
Technology,MOLEX INC,0,50000.0,-3.37065419739579
Energy,EQT CORP,0,0,-7.45625039970718
Energy,SOUTHWESTRN ENGY,0,2500.0,3.34408541164284
Consumer D,MCGRAW-HILL COS,0,0,-11.0387419776189
Consumer D,SCRIPPS NET-CL A,0,0,-3.9259934942537
Materials,DU PONT (EI),0,0,-14.2672498426426
Financial,MASTERCARD INC-A,0,0,-6.99589185854623
Consumer S,HORMEL FOODS CRP,1000.0,0,-13.2081686031689
Health,BIOGEN IDEC INC,3500.0,250.0,-13.8542909090909
Utilities,SCANA CORP,0,0,-1.14479255962965
Producer,JOY GLOBAL INC,250.0,500.0,-5.73483731760521
Financial,METLIFE INC,4044.0,43750.0,-14.6858529932905
Financial,PRINCIPAL FINL,0,0,-7.79575567008719
Financial,AVALONBAY COMMUN,0,0,-37.4768669298505
Financial,WESTERN UNION,6450.0,1934.0,-12.7260026804729
Financial,PNC FINANCIAL SE,0,0,-6.44495969285278
Producer,CSX CORP,0,0,-7.7098534110851
Energy,CHESAPEAKE ENERG,0,5167.0,-18.477702669006
Producer,TEXTRON INC,350.0,2750.0,-16.1545121048288
Financial,E*TRADE FINANCIA,470.0,2900.0,-14.7970149228883
Utilities,AMEREN CORP,0,0,-12.6137762871394
Financial,KEYCORP,4250.0,500.0,-12.4604000013381
Health,STRYKER CORP,250.0,0,-14.0161077161449
Technology,HEWLETT-PACKARD,55471.0,79590.0,-83.1330870764392
Technology,LAM RESEARCH,1700.0,250.0,-21.830557129694
Utilities,EXELON CORP,4050.0,4750.0,1.32130057087174
Materials,DOW CHEMICAL CO,250.0,500.0,-50.7353323071394
Producer,XYLEM INC,500.0,500.0,-9.63941832649913
Producer,EMERSON ELEC CO,0,0,-13.429753517377
Financial,T ROWE PRICE GRP,2500.0,6500.0,-8.38973333333334
Consumer S,MONDELEZ INTER-A,0,0,-6.98085935271901
Energy,CONOCOPHILLIPS,12280.0,25253.0,-12.009723706385
Health,ZIMMER HLDGS,0,0,-9.37503869436329
Financial,GOLDMAN SACHS GP,17500.0,0,6.59258298497244
Consumer S,REYNOLDS AMERICA,0,0,-7.26332285386154
Consumer D,MARRIOTT INTL-A,500.0,250.0,-10.6229899023219
Health,CARDINAL HEALTH,45750.0,4650.0,-7.22425484903703
Health,PERKINELMER INC,750.0,0,63.6704389256662
Energy,WILLIAMS COS INC,0,0,-7.28196788675614
Materials,BALL CORP,250.0,0,1.76304584145313
Materials,PPG INDS INC,0,0,-13.5133538140832
Consumer S,SYSCO CORP,0,0,-5.76503912568265
Financial,STATE ST CORP,0,0,-16.0591587671809
Consumer S,PROCTER & GAMBLE,16380.0,8877.0,-3.26918032432881
Consumer S,WALGREEN CO,4625.0,54260.0,-22.0005153242213
Financial,AON PLC,250.0,0,0.404481120672733
Producer,UNION PAC CORP,0,0,-6.21199959205615
Technology,INTEL CORP,31128.0,32847.0,-10.4886462177366
Consumer D,PRICELINE.COM,700.0,6000.0,-7.43188309253243
